wrapperType,kind,artistId,collectionId,trackId,artistName,collectionName,trackName,collectionCensoredName,trackCensoredName,collectionArtistId,collectionArtistName,artistViewUrl,collectionViewUrl,trackViewUrl,previewUrl,artworkUrl30,artworkUrl60,artworkUrl100,collectionPrice,trackPrice,releaseDate,collectionExplicitness,trackExplicitness,discCount,discNumber,trackCount,trackNumber,trackTimeMillis,country,currency,primaryGenreName,radioStationUrl,isStreamable,collectionArtistViewUrl
track,song,3249567,696403730,696404445,A. R. Rahman,Slumdog Millionaire (Music From the Motion Picture),"Jai Ho (feat. Sukhwinder Singh, Tanvi Shah & Mahalakshmi Iyer)",Slumdog Millionaire (Music From the Motion Picture),"Jai Ho (feat. Sukhwinder Singh, Tanvi Shah & Mahalakshmi Iyer)",36270,Various Artists,https://itunes.apple.com/us/artist/a.-r.-rahman/id3249567?uo=4,https://itunes.apple.com/us/album/jai-ho-feat.-sukhwinder-singh/id696403730?i=696404445&uo=4,https://itunes.apple.com/us/album/jai-ho-feat.-sukhwinder-singh/id696403730?i=696404445&uo=4,http://a1385.phobos.apple.com/us/r1000/043/Music4/v4/64/73/83/647383f9-6155-7e64-ec1c-c4f6813ede48/mzaf_8768794404390374879.plus.aac.p.m4a,http://is2.mzstatic.com/image/thumb/Music4/v4/fd/d1/3e/fdd13e60-6588-39db-b94d-d92749bf75fb/source/30x30bb.jpg,http://is2.mzstatic.com/image/thumb/Music4/v4/fd/d1/3e/fdd13e60-6588-39db-b94d-d92749bf75fb/source/60x60bb.jpg,http://is2.mzstatic.com/image/thumb/Music4/v4/fd/d1/3e/fdd13e60-6588-39db-b94d-d92749bf75fb/source/100x100bb.jpg,-1,1.29,2013-09-10T07:00:00Z,notExplicit,notExplicit,1,1,13,13,319347,USA,USD,Soundtrack,https://itunes.apple.com/station/idra.696404445,TRUE,
track,song,3249567,305113834,305113868,A. R. Rahman & The Pussycat Dolls,Jai Ho! (You Are My Destiny) [feat. Nicole Scherzinger] - Single,Jai Ho! (You Are My Destiny) [feat. Nicole Scherzinger],Jai Ho! (You Are My Destiny) [feat. Nicole Scherzinger] - Single,Jai Ho! (You Are My Destiny) [feat. Nicole Scherzinger],,,https://itunes.apple.com/us/artist/a.-r.-rahman/id3249567?uo=4,https://itunes.apple.com/us/album/jai-ho!-you-are-my-destiny/id305113834?i=305113868&uo=4,https://itunes.apple.com/us/album/jai-ho!-you-are-my-destiny/id305113834?i=305113868&uo=4,http://a746.phobos.apple.com/us/r1000/120/Music/72/b4/62/mzm.zmxgjxah.aac.p.m4a,http://is4.mzstatic.com/image/thumb/Music/v4/13/cc/08/13cc08bd-5b6d-d1ac-48a3-d7b6b30b6507/source/30x30bb.jpg,http://is4.mzstatic.com/image/thumb/Music/v4/13/cc/08/13cc08bd-5b6d-d1ac-48a3-d7b6b30b6507/source/60x60bb.jpg,http://is4.mzstatic.com/image/thumb/Music/v4/13/cc/08/13cc08bd-5b6d-d1ac-48a3-d7b6b30b6507/source/100x100bb.jpg,1.29,1.29,2009-02-23T08:00:00Z,notExplicit,notExplicit,1,1,1,1,222400,USA,USD,Pop,https://itunes.apple.com/station/idra.305113868,TRUE,
track,song,3249567,696403730,696404439,A. R. Rahman,Slumdog Millionaire (Music From the Motion Picture),Latika's Theme (feat. Suzanne),Slumdog Millionaire (Music From the Motion Picture),Latika's Theme (feat. Suzanne),36270,Various Artists,https://itunes.apple.com/us/artist/a.-r.-rahman/id3249567?uo=4,https://itunes.apple.com/us/album/latikas-theme-feat.-suzanne/id696403730?i=696404439&uo=4,https://itunes.apple.com/us/album/latikas-theme-feat.-suzanne/id696403730?i=696404439&uo=4,http://a1681.phobos.apple.com/us/r1000/047/Music6/v4/5c/c2/aa/5cc2aa76-599d-087f-0e6e-2bfc88c259c4/mzaf_5388138465187441712.plus.aac.p.m4a,http://is2.mzstatic.com/image/thumb/Music4/v4/fd/d1/3e/fdd13e60-6588-39db-b94d-d92749bf75fb/source/30x30bb.jpg,http://is2.mzstatic.com/image/thumb/Music4/v4/fd/d1/3e/fdd13e60-6588-39db-b94d-d92749bf75fb/source/60x60bb.jpg,http://is2.mzstatic.com/image/thumb/Music4/v4/fd/d1/3e/fdd13e60-6588-39db-b94d-d92749bf75fb/source/100x100bb.jpg,-1,1.29,2013-09-10T07:00:00Z,notExplicit,notExplicit,1,1,13,8,189373,USA,USD,Soundtrack,https://itunes.apple.com/station/idra.696404439,TRUE,
track,song,3249567,696403730,696404436,A. R. Rahman,Slumdog Millionaire (Music From the Motion Picture),Ringa Ringa (feat. Alka Yagnik & Ila Arun),Slumdog Millionaire (Music From the Motion Picture),Ringa Ringa (feat. Alka Yagnik & Ila Arun),36270,Various Artists,https://itunes.apple.com/us/artist/a.-r.-rahman/id3249567?uo=4,https://itunes.apple.com/us/album/ringa-ringa-feat.-alka-yagnik/id696403730?i=696404436&uo=4,https://itunes.apple.com/us/album/ringa-ringa-feat.-alka-yagnik/id696403730?i=696404436&uo=4,http://a1146.phobos.apple.com/us/r1000/007/Music4/v4/88/7b/34/887b345a-fc42-23e9-2fcf-61c1a714143e/mzaf_6393901895855020802.plus.aac.p.m4a,http://is2.mzstatic.com/image/thumb/Music4/v4/fd/d1/3e/fdd13e60-6588-39db-b94d-d92749bf75fb/source/30x30bb.jpg,http://is2.mzstatic.com/image/thumb/Music4/v4/fd/d1/3e/fdd13e60-6588-39db-b94d-d92749bf75fb/source/60x60bb.jpg,http://is2.mzstatic.com/image/thumb/Music4/v4/fd/d1/3e/fdd13e60-6588-39db-b94d-d92749bf75fb/source/100x100bb.jpg,-1,1.29,2013-09-10T07:00:00Z,notExplicit,notExplicit,1,1,13,6,255467,USA,USD,Soundtrack,https://itunes.apple.com/station/idra.696404436,TRUE,
track,song,3249567,696403730,696404438,A. R. Rahman,Slumdog Millionaire (Music From the Motion Picture),Liquid Dance (feat. Palakkad Sriram & Madhumitha),Slumdog Millionaire (Music From the Motion Picture),Liquid Dance (feat. Palakkad Sriram & Madhumitha),36270,Various Artists,https://itunes.apple.com/us/artist/a.-r.-rahman/id3249567?uo=4,https://itunes.apple.com/us/album/liquid-dance-feat.-palakkad/id696403730?i=696404438&uo=4,https://itunes.apple.com/us/album/liquid-dance-feat.-palakkad/id696403730?i=696404438&uo=4,http://a1414.phobos.apple.com/us/r1000/052/Music/v4/a5/a2/71/a5a27147-25ee-7685-df59-cb88563a5b37/mzaf_918007240697497184.plus.aac.p.m4a,http://is2.mzstatic.com/image/thumb/Music4/v4/fd/d1/3e/fdd13e60-6588-39db-b94d-d92749bf75fb/source/30x30bb.jpg,http://is2.mzstatic.com/image/thumb/Music4/v4/fd/d1/3e/fdd13e60-6588-39db-b94d-d92749bf75fb/source/60x60bb.jpg,http://is2.mzstatic.com/image/thumb/Music4/v4/fd/d1/3e/fdd13e60-6588-39db-b94d-d92749bf75fb/source/100x100bb.jpg,-1,0.99,2013-09-10T07:00:00Z,notExplicit,notExplicit,1,1,13,7,178947,USA,USD,Soundtrack,https://itunes.apple.com/station/idra.696404438,TRUE,
track,song,3249567,696403730,696404432,A. R. Rahman,Slumdog Millionaire (Music From the Motion Picture),Mausam & Escape,Slumdog Millionaire (Music From the Motion Picture),Mausam & Escape,36270,Various Artists,https://itunes.apple.com/us/artist/a.-r.-rahman/id3249567?uo=4,https://itunes.apple.com/us/album/mausam-escape/id696403730?i=696404432&uo=4,https://itunes.apple.com/us/album/mausam-escape/id696403730?i=696404432&uo=4,http://a427.phobos.apple.com/us/r1000/041/Music6/v4/a8/d9/64/a8d96495-b0c9-86d9-990c-74c52250ec8b/mzaf_5397843894077620439.plus.aac.p.m4a,http://is2.mzstatic.com/image/thumb/Music4/v4/fd/d1/3e/fdd13e60-6588-39db-b94d-d92749bf75fb/source/30x30bb.jpg,http://is2.mzstatic.com/image/thumb/Music4/v4/fd/d1/3e/fdd13e60-6588-39db-b94d-d92749bf75fb/source/60x60bb.jpg,http://is2.mzstatic.com/image/thumb/Music4/v4/fd/d1/3e/fdd13e60-6588-39db-b94d-d92749bf75fb/source/100x100bb.jpg,-1,1.29,2013-09-10T07:00:00Z,notExplicit,notExplicit,1,1,13,3,232840,USA,USD,Soundtrack,https://itunes.apple.com/station/idra.696404432,TRUE,
track,song,3249567,696403730,696404443,A. R. Rahman,Slumdog Millionaire (Music From the Motion Picture),Gangsta Blues (feat. Blaaze & Tanvi Shah),Slumdog Millionaire (Music From the Motion Picture),Gangsta Blues (feat. Blaaze & Tanvi Shah),36270,Various Artists,https://itunes.apple.com/us/artist/a.-r.-rahman/id3249567?uo=4,https://itunes.apple.com/us/album/gangsta-blues-feat.-blaaze/id696403730?i=696404443&uo=4,https://itunes.apple.com/us/album/gangsta-blues-feat.-blaaze/id696403730?i=696404443&uo=4,http://a1270.phobos.apple.com/us/r1000/041/Music6/v4/aa/3a/63/aa3a63aa-0a06-5208-ca82-4cbf60477f76/mzaf_3996102345309054402.plus.aac.p.m4a,http://is2.mzstatic.com/image/thumb/Music4/v4/fd/d1/3e/fdd13e60-6588-39db-b94d-d92749bf75fb/source/30x30bb.jpg,http://is2.mzstatic.com/image/thumb/Music4/v4/fd/d1/3e/fdd13e60-6588-39db-b94d-d92749bf75fb/source/60x60bb.jpg,http://is2.mzstatic.com/image/thumb/Music4/v4/fd/d1/3e/fdd13e60-6588-39db-b94d-d92749bf75fb/source/100x100bb.jpg,-1,0.99,2013-09-10T07:00:00Z,notExplicit,notExplicit,1,1,13,11,221987,USA,USD,Soundtrack,https://itunes.apple.com/station/idra.696404443,TRUE,
track,song,3249567,696403730,696404442,A. R. Rahman,Slumdog Millionaire (Music From the Motion Picture),Millionaire (feat. Madhumitha),Slumdog Millionaire (Music From the Motion Picture),Millionaire (feat. Madhumitha),36270,Various Artists,https://itunes.apple.com/us/artist/a.-r.-rahman/id3249567?uo=4,https://itunes.apple.com/us/album/millionaire-feat.-madhumitha/id696403730?i=696404442&uo=4,https://itunes.apple.com/us/album/millionaire-feat.-madhumitha/id696403730?i=696404442&uo=4,http://a688.phobos.apple.com/us/r1000/049/Music6/v4/8f/9d/b3/8f9db372-582d-7772-53bd-cdb2a1e27d95/mzaf_5212463142751461982.plus.aac.p.m4a,http://is2.mzstatic.com/image/thumb/Music4/v4/fd/d1/3e/fdd13e60-6588-39db-b94d-d92749bf75fb/source/30x30bb.jpg,http://is2.mzstatic.com/image/thumb/Music4/v4/fd/d1/3e/fdd13e60-6588-39db-b94d-d92749bf75fb/source/60x60bb.jpg,http://is2.mzstatic.com/image/thumb/Music4/v4/fd/d1/3e/fdd13e60-6588-39db-b94d-d92749bf75fb/source/100x100bb.jpg,-1,0.99,2013-09-10T07:00:00Z,notExplicit,notExplicit,1,1,13,10,164427,USA,USD,Soundtrack,https://itunes.apple.com/station/idra.696404442,TRUE,
track,song,3249567,696403730,696404431,A. R. Rahman,Slumdog Millionaire (Music From the Motion Picture),Riots,Slumdog Millionaire (Music From the Motion Picture),Riots,36270,Various Artists,https://itunes.apple.com/us/artist/a.-r.-rahman/id3249567?uo=4,https://itunes.apple.com/us/album/riots/id696403730?i=696404431&uo=4,https://itunes.apple.com/us/album/riots/id696403730?i=696404431&uo=4,http://a1487.phobos.apple.com/us/r1000/022/Music4/v4/60/d4/02/60d402d9-f2ea-cf1d-4ac8-f14b2173f04d/mzaf_658840487523695301.plus.aac.p.m4a,http://is2.mzstatic.com/image/thumb/Music4/v4/fd/d1/3e/fdd13e60-6588-39db-b94d-d92749bf75fb/source/30x30bb.jpg,http://is2.mzstatic.com/image/thumb/Music4/v4/fd/d1/3e/fdd13e60-6588-39db-b94d-d92749bf75fb/source/60x60bb.jpg,http://is2.mzstatic.com/image/thumb/Music4/v4/fd/d1/3e/fdd13e60-6588-39db-b94d-d92749bf75fb/source/100x100bb.jpg,-1,0.99,2013-09-10T07:00:00Z,notExplicit,notExplicit,1,1,13,2,119507,USA,USD,Soundtrack,https://itunes.apple.com/station/idra.696404431,TRUE,
track,song,3249567,696403730,696404444,A. R. Rahman,Slumdog Millionaire (Music From the Motion Picture),Dreams On Fire (feat. Suzanne),Slumdog Millionaire (Music From the Motion Picture),Dreams On Fire (feat. Suzanne),36270,Various Artists,https://itunes.apple.com/us/artist/a.-r.-rahman/id3249567?uo=4,https://itunes.apple.com/us/album/dreams-on-fire-feat.-suzanne/id696403730?i=696404444&uo=4,https://itunes.apple.com/us/album/dreams-on-fire-feat.-suzanne/id696403730?i=696404444&uo=4,http://a1420.phobos.apple.com/us/r1000/048/Music4/v4/ca/06/0c/ca060cef-c838-6df1-777b-a05afd6e11cd/mzaf_2451368599635818397.plus.aac.p.m4a,http://is2.mzstatic.com/image/thumb/Music4/v4/fd/d1/3e/fdd13e60-6588-39db-b94d-d92749bf75fb/source/30x30bb.jpg,http://is2.mzstatic.com/image/thumb/Music4/v4/fd/d1/3e/fdd13e60-6588-39db-b94d-d92749bf75fb/source/60x60bb.jpg,http://is2.mzstatic.com/image/thumb/Music4/v4/fd/d1/3e/fdd13e60-6588-39db-b94d-d92749bf75fb/source/100x100bb.jpg,-1,0.99,2013-09-10T07:00:00Z,notExplicit,notExplicit,1,1,13,12,248560,USA,USD,Soundtrack,https://itunes.apple.com/station/idra.696404444,TRUE,
track,music-video,3249567,,308837219,"A. R. Rahman, The Pussycat Dolls & Nicole Scherzinger",,Jai Ho (You Are My Destiny),,Jai Ho (You Are My Destiny),,,https://itunes.apple.com/us/artist/a.-r.-rahman/id3249567?uo=4,,https://itunes.apple.com/us/music-video/jai-ho-you-are-my-destiny/id308837219?uo=4,http://a1875.v.phobos.apple.com/us/r1000/051/Video/cd/25/0f/mzm.ryaeijfb..640x336.h264lc.u.p.m4v,http://is2.mzstatic.com/image/thumb/Video/v4/26/be/b0/26beb022-138f-c67f-dffa-2746a478688e/source/30x30bb.jpg,http://is2.mzstatic.com/image/thumb/Video/v4/26/be/b0/26beb022-138f-c67f-dffa-2746a478688e/source/60x60bb.jpg,http://is2.mzstatic.com/image/thumb/Video/v4/26/be/b0/26beb022-138f-c67f-dffa-2746a478688e/source/100x100bb.jpg,1.99,1.99,2009-03-13T07:00:00Z,notExplicit,notExplicit,,,,,220387,USA,USD,Pop,https://itunes.apple.com/station/idra.308837219,,
track,song,3249567,206578557,206578661,A. R. Rahman,Dil Se (Original Motion Picture Soundtrack),Dil Se Re,Dil Se (Original Motion Picture Soundtrack),Dil Se Re,,,https://itunes.apple.com/us/artist/a.-r.-rahman/id3249567?uo=4,https://itunes.apple.com/us/album/dil-se-re/id206578557?i=206578661&uo=4,https://itunes.apple.com/us/album/dil-se-re/id206578557?i=206578661&uo=4,http://a214.phobos.apple.com/us/r1000/115/Music/4f/e9/ef/mzm.gogrjelu.aac.p.m4a,http://is2.mzstatic.com/image/thumb/Music/v4/84/07/d9/8407d91c-961c-c293-44d8-b02ca0bb159e/source/30x30bb.jpg,http://is2.mzstatic.com/image/thumb/Music/v4/84/07/d9/8407d91c-961c-c293-44d8-b02ca0bb159e/source/60x60bb.jpg,http://is2.mzstatic.com/image/thumb/Music/v4/84/07/d9/8407d91c-961c-c293-44d8-b02ca0bb159e/source/100x100bb.jpg,5.94,0.99,2006-11-21T08:00:00Z,notExplicit,notExplicit,1,1,6,3,405293,USA,USD,Bollywood,https://itunes.apple.com/station/idra.206578661,TRUE,
track,song,20646,399794003,399794110,Dido & A. R. Rahman,127 Hours (Music from the Motion Picture),If I Rise,127 Hours (Music from the Motion Picture),If I Rise,36270,Various Artists,https://itunes.apple.com/us/artist/dido/id20646?uo=4,https://itunes.apple.com/us/album/if-i-rise/id399794003?i=399794110&uo=4,https://itunes.apple.com/us/album/if-i-rise/id399794003?i=399794110&uo=4,http://a1145.phobos.apple.com/us/r1000/092/Music/ae/78/3c/mzm.wklqjbun.aac.p.m4a,http://is3.mzstatic.com/image/thumb/Music/v4/8c/2b/ef/8c2bef25-fd7c-12d8-079d-47130fe934ea/source/30x30bb.jpg,http://is3.mzstatic.com/image/thumb/Music/v4/8c/2b/ef/8c2bef25-fd7c-12d8-079d-47130fe934ea/source/60x60bb.jpg,http://is3.mzstatic.com/image/thumb/Music/v4/8c/2b/ef/8c2bef25-fd7c-12d8-079d-47130fe934ea/source/100x100bb.jpg,11.99,1.29,2010-11-02T07:00:00Z,notExplicit,notExplicit,1,1,14,14,278427,USA,USD,Soundtrack,https://itunes.apple.com/station/idra.399794110,TRUE,
track,song,3249567,399794003,399794098,A. R. Rahman,127 Hours (Music from the Motion Picture),Liberation,127 Hours (Music from the Motion Picture),Liberation,36270,Various Artists,https://itunes.apple.com/us/artist/a.-r.-rahman/id3249567?uo=4,https://itunes.apple.com/us/album/liberation/id399794003?i=399794098&uo=4,https://itunes.apple.com/us/album/liberation/id399794003?i=399794098&uo=4,http://a1390.phobos.apple.com/us/r1000/073/Music/1c/8b/2c/mzm.qvdeghze.aac.p.m4a,http://is3.mzstatic.com/image/thumb/Music/v4/8c/2b/ef/8c2bef25-fd7c-12d8-079d-47130fe934ea/source/30x30bb.jpg,http://is3.mzstatic.com/image/thumb/Music/v4/8c/2b/ef/8c2bef25-fd7c-12d8-079d-47130fe934ea/source/60x60bb.jpg,http://is3.mzstatic.com/image/thumb/Music/v4/8c/2b/ef/8c2bef25-fd7c-12d8-079d-47130fe934ea/source/100x100bb.jpg,11.99,1.29,2010-11-02T07:00:00Z,notExplicit,notExplicit,1,1,14,12,191507,USA,USD,Soundtrack,https://itunes.apple.com/station/idra.399794098,TRUE,
track,song,3249567,399794003,399794097,A. R. Rahman,127 Hours (Music from the Motion Picture),R.I.P.,127 Hours (Music from the Motion Picture),R.I.P.,36270,Various Artists,https://itunes.apple.com/us/artist/a.-r.-rahman/id3249567?uo=4,https://itunes.apple.com/us/album/r.i.p./id399794003?i=399794097&uo=4,https://itunes.apple.com/us/album/r.i.p./id399794003?i=399794097&uo=4,http://a1573.phobos.apple.com/us/r1000/118/Music/fc/09/44/mzm.kqojsgil.aac.p.m4a,http://is3.mzstatic.com/image/thumb/Music/v4/8c/2b/ef/8c2bef25-fd7c-12d8-079d-47130fe934ea/source/30x30bb.jpg,http://is3.mzstatic.com/image/thumb/Music/v4/8c/2b/ef/8c2bef25-fd7c-12d8-079d-47130fe934ea/source/60x60bb.jpg,http://is3.mzstatic.com/image/thumb/Music/v4/8c/2b/ef/8c2bef25-fd7c-12d8-079d-47130fe934ea/source/100x100bb.jpg,11.99,1.29,2010-11-02T07:00:00Z,notExplicit,notExplicit,1,1,14,11,310960,USA,USD,Soundtrack,https://itunes.apple.com/station/idra.399794097,TRUE,
track,song,3249567,399794003,399794018,A. R. Rahman,127 Hours (Music from the Motion Picture),The Canyon,127 Hours (Music from the Motion Picture),The Canyon,36270,Various Artists,https://itunes.apple.com/us/artist/a.-r.-rahman/id3249567?uo=4,https://itunes.apple.com/us/album/the-canyon/id399794003?i=399794018&uo=4,https://itunes.apple.com/us/album/the-canyon/id399794003?i=399794018&uo=4,http://a1076.phobos.apple.com/us/r1000/102/Music/95/89/4c/mzm.glglrcov.aac.p.m4a,http://is3.mzstatic.com/image/thumb/Music/v4/8c/2b/ef/8c2bef25-fd7c-12d8-079d-47130fe934ea/source/30x30bb.jpg,http://is3.mzstatic.com/image/thumb/Music/v4/8c/2b/ef/8c2bef25-fd7c-12d8-079d-47130fe934ea/source/60x60bb.jpg,http://is3.mzstatic.com/image/thumb/Music/v4/8c/2b/ef/8c2bef25-fd7c-12d8-079d-47130fe934ea/source/100x100bb.jpg,11.99,1.29,2010-11-02T07:00:00Z,notExplicit,notExplicit,1,1,14,2,181653,USA,USD,Soundtrack,https://itunes.apple.com/station/idra.399794018,TRUE,
track,song,14738507,265010827,265011960,Craig Armstrong & AR Rahman,Elizabeth - The Golden Age (Music from the Motion Picture),Storm,Elizabeth - The Golden Age (Music from the Motion Picture),Storm,3249567,,https://itunes.apple.com/us/artist/craig-armstrong/id14738507?uo=4,https://itunes.apple.com/us/album/storm/id265010827?i=265011960&uo=4,https://itunes.apple.com/us/album/storm/id265010827?i=265011960&uo=4,http://a1825.phobos.apple.com/us/r1000/070/Music/f4/59/3a/mzm.lnqgpdva.aac.p.m4a,http://is3.mzstatic.com/image/thumb/Music/v4/5f/8e/b0/5f8eb09f-252b-fce5-08bb-b47e02ace748/source/30x30bb.jpg,http://is3.mzstatic.com/image/thumb/Music/v4/5f/8e/b0/5f8eb09f-252b-fce5-08bb-b47e02ace748/source/60x60bb.jpg,http://is3.mzstatic.com/image/thumb/Music/v4/5f/8e/b0/5f8eb09f-252b-fce5-08bb-b47e02ace748/source/100x100bb.jpg,9.99,0.99,2007-10-09T07:00:00Z,notExplicit,notExplicit,1,1,20,18,180347,USA,USD,Soundtrack,https://itunes.apple.com/station/idra.265011960,TRUE,https://itunes.apple.com/us/artist/a.-r.-rahman/id3249567?uo=4
track,song,3249567,258049924,258049955,A. R. Rahman,Bombay (Original Soundtrack),Bombay Theme,Bombay (Original Soundtrack),Bombay Theme,36270,Various Artists,https://itunes.apple.com/us/artist/a.-r.-rahman/id3249567?uo=4,https://itunes.apple.com/us/album/bombay-theme/id258049924?i=258049955&uo=4,https://itunes.apple.com/us/album/bombay-theme/id258049924?i=258049955&uo=4,http://a1346.phobos.apple.com/us/r1000/089/Music/04/3d/c9/mzm.lfbdffej.aac.p.m4a,http://is4.mzstatic.com/image/thumb/Music/v4/fb/d3/8b/fbd38bb5-fa5a-3e47-9415-13beb586ee15/source/30x30bb.jpg,http://is4.mzstatic.com/image/thumb/Music/v4/fb/d3/8b/fbd38bb5-fa5a-3e47-9415-13beb586ee15/source/60x60bb.jpg,http://is4.mzstatic.com/image/thumb/Music/v4/fb/d3/8b/fbd38bb5-fa5a-3e47-9415-13beb586ee15/source/100x100bb.jpg,9.99,0.99,2007-06-26T07:00:00Z,notExplicit,notExplicit,1,1,6,5,318333,USA,USD,Soundtrack,https://itunes.apple.com/station/idra.258049955,TRUE,
track,song,3249567,399794003,399794020,A. R. Rahman,127 Hours (Music from the Motion Picture),Touch of the Sun,127 Hours (Music from the Motion Picture),Touch of the Sun,36270,Various Artists,https://itunes.apple.com/us/artist/a.-r.-rahman/id3249567?uo=4,https://itunes.apple.com/us/album/touch-of-the-sun/id399794003?i=399794020&uo=4,https://itunes.apple.com/us/album/touch-of-the-sun/id399794003?i=399794020&uo=4,http://a332.phobos.apple.com/us/r1000/088/Music/52/ad/5c/mzm.exlfnmxw.aac.p.m4a,http://is3.mzstatic.com/image/thumb/Music/v4/8c/2b/ef/8c2bef25-fd7c-12d8-079d-47130fe934ea/source/30x30bb.jpg,http://is3.mzstatic.com/image/thumb/Music/v4/8c/2b/ef/8c2bef25-fd7c-12d8-079d-47130fe934ea/source/60x60bb.jpg,http://is3.mzstatic.com/image/thumb/Music/v4/8c/2b/ef/8c2bef25-fd7c-12d8-079d-47130fe934ea/source/100x100bb.jpg,11.99,1.29,2010-11-02T07:00:00Z,notExplicit,notExplicit,1,1,14,4,279107,USA,USD,Soundtrack,https://itunes.apple.com/station/idra.399794020,TRUE,
track,song,3249567,399794003,399794094,A. R. Rahman,127 Hours (Music from the Motion Picture),Acid Darbari,127 Hours (Music from the Motion Picture),Acid Darbari,36270,Various Artists,https://itunes.apple.com/us/artist/a.-r.-rahman/id3249567?uo=4,https://itunes.apple.com/us/album/acid-darbari/id399794003?i=399794094&uo=4,https://itunes.apple.com/us/album/acid-darbari/id399794003?i=399794094&uo=4,http://a704.phobos.apple.com/us/r1000/106/Music/a2/65/67/mzm.jowzoywx.aac.p.m4a,http://is3.mzstatic.com/image/thumb/Music/v4/8c/2b/ef/8c2bef25-fd7c-12d8-079d-47130fe934ea/source/30x30bb.jpg,http://is3.mzstatic.com/image/thumb/Music/v4/8c/2b/ef/8c2bef25-fd7c-12d8-079d-47130fe934ea/source/60x60bb.jpg,http://is3.mzstatic.com/image/thumb/Music/v4/8c/2b/ef/8c2bef25-fd7c-12d8-079d-47130fe934ea/source/100x100bb.jpg,11.99,1.29,2010-11-02T07:00:00Z,notExplicit,notExplicit,1,1,14,10,261040,USA,USD,Soundtrack,https://itunes.apple.com/station/idra.399794094,TRUE,
track,song,3249567,871289755,871289860,A. R. Rahman,Million Dollar Arm (Original Motion Picture Soundtrack),Million Dollar Dream (feat. Iggy Azalea),Million Dollar Arm (Original Motion Picture Soundtrack),Million Dollar Dream (feat. Iggy Azalea),,,https://itunes.apple.com/us/artist/a.-r.-rahman/id3249567?uo=4,https://itunes.apple.com/us/album/million-dollar-dream-feat./id871289755?i=871289860&uo=4,https://itunes.apple.com/us/album/million-dollar-dream-feat./id871289755?i=871289860&uo=4,http://a719.phobos.apple.com/us/r1000/036/Music2/v4/92/7c/91/927c91a6-5963-baa2-4384-d93c879caedb/mzaf_5149559672261886311.plus.aac.p.m4a,http://is2.mzstatic.com/image/thumb/Music6/v4/7e/f4/ef/7ef4ef60-ce8f-cf23-49d0-93bf96dedf0d/source/30x30bb.jpg,http://is2.mzstatic.com/image/thumb/Music6/v4/7e/f4/ef/7ef4ef60-ce8f-cf23-49d0-93bf96dedf0d/source/60x60bb.jpg,http://is2.mzstatic.com/image/thumb/Music6/v4/7e/f4/ef/7ef4ef60-ce8f-cf23-49d0-93bf96dedf0d/source/100x100bb.jpg,5.99,1.29,2014-05-13T07:00:00Z,notExplicit,notExplicit,1,1,16,2,164893,USA,USD,Soundtrack,https://itunes.apple.com/station/idra.871289860,TRUE,
track,song,3249567,399794003,399794019,A. R. Rahman,127 Hours (Music from the Motion Picture),Liberation Begins,127 Hours (Music from the Motion Picture),Liberation Begins,36270,Various Artists,https://itunes.apple.com/us/artist/a.-r.-rahman/id3249567?uo=4,https://itunes.apple.com/us/album/liberation-begins/id399794003?i=399794019&uo=4,https://itunes.apple.com/us/album/liberation-begins/id399794003?i=399794019&uo=4,http://a313.phobos.apple.com/us/r1000/092/Music/94/dc/a5/mzm.ferdbneo.aac.p.m4a,http://is3.mzstatic.com/image/thumb/Music/v4/8c/2b/ef/8c2bef25-fd7c-12d8-079d-47130fe934ea/source/30x30bb.jpg,http://is3.mzstatic.com/image/thumb/Music/v4/8c/2b/ef/8c2bef25-fd7c-12d8-079d-47130fe934ea/source/60x60bb.jpg,http://is3.mzstatic.com/image/thumb/Music/v4/8c/2b/ef/8c2bef25-fd7c-12d8-079d-47130fe934ea/source/100x100bb.jpg,11.99,1.29,2010-11-02T07:00:00Z,notExplicit,notExplicit,1,1,14,3,134560,USA,USD,Soundtrack,https://itunes.apple.com/station/idra.399794019,TRUE,
track,song,3249567,399794003,399794077,A. R. Rahman,127 Hours (Music from the Motion Picture),Liberation In a Dream,127 Hours (Music from the Motion Picture),Liberation In a Dream,36270,Various Artists,https://itunes.apple.com/us/artist/a.-r.-rahman/id3249567?uo=4,https://itunes.apple.com/us/album/liberation-in-a-dream/id399794003?i=399794077&uo=4,https://itunes.apple.com/us/album/liberation-in-a-dream/id399794003?i=399794077&uo=4,http://a1557.phobos.apple.com/us/r1000/069/Music/f9/01/6d/mzm.zkmqbhge.aac.p.m4a,http://is3.mzstatic.com/image/thumb/Music/v4/8c/2b/ef/8c2bef25-fd7c-12d8-079d-47130fe934ea/source/30x30bb.jpg,http://is3.mzstatic.com/image/thumb/Music/v4/8c/2b/ef/8c2bef25-fd7c-12d8-079d-47130fe934ea/source/60x60bb.jpg,http://is3.mzstatic.com/image/thumb/Music/v4/8c/2b/ef/8c2bef25-fd7c-12d8-079d-47130fe934ea/source/100x100bb.jpg,11.99,1.29,2010-11-02T07:00:00Z,notExplicit,notExplicit,1,1,14,8,245987,USA,USD,Soundtrack,https://itunes.apple.com/station/idra.399794077,TRUE,
track,song,3249567,904714676,904714689,A. R. Rahman,The Hundred-Foot Journey (Original Motion Picture Soundtrack),Reunion,The Hundred-Foot Journey (Original Motion Picture Soundtrack),Reunion,,,https://itunes.apple.com/us/artist/a.-r.-rahman/id3249567?uo=4,https://itunes.apple.com/us/album/reunion/id904714676?i=904714689&uo=4,https://itunes.apple.com/us/album/reunion/id904714676?i=904714689&uo=4,http://a585.phobos.apple.com/us/r1000/008/Music3/v4/c0/84/59/c08459a4-0722-2de9-1ade-9021e684bd0e/mzaf_3047240775252076323.plus.aac.p.m4a,http://is2.mzstatic.com/image/thumb/Music5/v4/25/69/7e/25697e15-705e-f631-e0da-381f0ddb693d/source/30x30bb.jpg,http://is2.mzstatic.com/image/thumb/Music5/v4/25/69/7e/25697e15-705e-f631-e0da-381f0ddb693d/source/60x60bb.jpg,http://is2.mzstatic.com/image/thumb/Music5/v4/25/69/7e/25697e15-705e-f631-e0da-381f0ddb693d/source/100x100bb.jpg,9.99,1.29,2014-08-12T07:00:00Z,notExplicit,notExplicit,1,1,16,12,85533,USA,USD,Soundtrack,https://itunes.apple.com/station/idra.904714689,TRUE,
track,song,3249567,904714676,904714700,"A. R. Rahman, Nakash Aziz & KM Sufi Ensemble",The Hundred-Foot Journey (Original Motion Picture Soundtrack),Afreen,The Hundred-Foot Journey (Original Motion Picture Soundtrack),Afreen,,A. R. Rahman,https://itunes.apple.com/us/artist/a.-r.-rahman/id3249567?uo=4,https://itunes.apple.com/us/album/afreen/id904714676?i=904714700&uo=4,https://itunes.apple.com/us/album/afreen/id904714676?i=904714700&uo=4,http://a548.phobos.apple.com/us/r1000/053/Music3/v4/1c/2a/a9/1c2aa915-42c8-d972-e447-80156922740e/mzaf_3738202318747386526.plus.aac.p.m4a,http://is2.mzstatic.com/image/thumb/Music5/v4/25/69/7e/25697e15-705e-f631-e0da-381f0ddb693d/source/30x30bb.jpg,http://is2.mzstatic.com/image/thumb/Music5/v4/25/69/7e/25697e15-705e-f631-e0da-381f0ddb693d/source/60x60bb.jpg,http://is2.mzstatic.com/image/thumb/Music5/v4/25/69/7e/25697e15-705e-f631-e0da-381f0ddb693d/source/100x100bb.jpg,9.99,1.29,2014-08-12T07:00:00Z,notExplicit,notExplicit,1,1,16,16,245187,USA,USD,Soundtrack,https://itunes.apple.com/station/idra.904714700,TRUE,
track,song,3249567,673998947,673999081,A. R. Rahman,Jab Tak Hai Jaan (Original Motion Picture Soundtrack),Ishq Dance,Jab Tak Hai Jaan (Original Motion Picture Soundtrack),Ishq Dance,,,https://itunes.apple.com/us/artist/a.-r.-rahman/id3249567?uo=4,https://itunes.apple.com/us/album/ishq-dance/id673998947?i=673999081&uo=4,https://itunes.apple.com/us/album/ishq-dance/id673998947?i=673999081&uo=4,http://a809.phobos.apple.com/us/r30/Music6/v4/50/18/e9/5018e9e2-9baa-7f77-d5ed-52ddafaacd74/mzaf_11031594686637874.plus.aac.p.m4a,http://is4.mzstatic.com/image/thumb/Music4/v4/80/7a/f1/807af14e-ccdd-774c-18f3-e3ccf0add5d7/source/30x30bb.jpg,http://is4.mzstatic.com/image/thumb/Music4/v4/80/7a/f1/807af14e-ccdd-774c-18f3-e3ccf0add5d7/source/60x60bb.jpg,http://is4.mzstatic.com/image/thumb/Music4/v4/80/7a/f1/807af14e-ccdd-774c-18f3-e3ccf0add5d7/source/100x100bb.jpg,8.01,0.99,2012-10-01T07:00:00Z,notExplicit,notExplicit,1,1,9,8,208953,USA,USD,Bollywood,https://itunes.apple.com/station/idra.673999081,TRUE,
track,song,3249567,904714676,904714677,A. R. Rahman,The Hundred-Foot Journey (Original Motion Picture Soundtrack),Hassan Learns French Cooking,The Hundred-Foot Journey (Original Motion Picture Soundtrack),Hassan Learns French Cooking,,,https://itunes.apple.com/us/artist/a.-r.-rahman/id3249567?uo=4,https://itunes.apple.com/us/album/hassan-learns-french-cooking/id904714676?i=904714677&uo=4,https://itunes.apple.com/us/album/hassan-learns-french-cooking/id904714676?i=904714677&uo=4,http://a670.phobos.apple.com/us/r1000/132/Music4/v4/f6/a2/0c/f6a20ce6-4de9-cbe9-070d-d404d74b4b61/mzaf_8203526730080926130.plus.aac.p.m4a,http://is2.mzstatic.com/image/thumb/Music5/v4/25/69/7e/25697e15-705e-f631-e0da-381f0ddb693d/source/30x30bb.jpg,http://is2.mzstatic.com/image/thumb/Music5/v4/25/69/7e/25697e15-705e-f631-e0da-381f0ddb693d/source/60x60bb.jpg,http://is2.mzstatic.com/image/thumb/Music5/v4/25/69/7e/25697e15-705e-f631-e0da-381f0ddb693d/source/100x100bb.jpg,9.99,1.29,2014-08-12T07:00:00Z,notExplicit,notExplicit,1,1,16,1,370333,USA,USD,Soundtrack,https://itunes.apple.com/station/idra.904714677,TRUE,
track,song,3249567,904714676,904714679,A. R. Rahman,The Hundred-Foot Journey (Original Motion Picture Soundtrack),New Beginnings,The Hundred-Foot Journey (Original Motion Picture Soundtrack),New Beginnings,,,https://itunes.apple.com/us/artist/a.-r.-rahman/id3249567?uo=4,https://itunes.apple.com/us/album/new-beginnings/id904714676?i=904714679&uo=4,https://itunes.apple.com/us/album/new-beginnings/id904714676?i=904714679&uo=4,http://a845.phobos.apple.com/us/r1000/176/Music3/v4/b3/93/c6/b393c671-510f-1e2d-69eb-5bbfae9bf480/mzaf_7778052392816507784.plus.aac.p.m4a,http://is2.mzstatic.com/image/thumb/Music5/v4/25/69/7e/25697e15-705e-f631-e0da-381f0ddb693d/source/30x30bb.jpg,http://is2.mzstatic.com/image/thumb/Music5/v4/25/69/7e/25697e15-705e-f631-e0da-381f0ddb693d/source/60x60bb.jpg,http://is2.mzstatic.com/image/thumb/Music5/v4/25/69/7e/25697e15-705e-f631-e0da-381f0ddb693d/source/100x100bb.jpg,9.99,1.29,2014-08-12T07:00:00Z,notExplicit,notExplicit,1,1,16,3,280733,USA,USD,Soundtrack,https://itunes.apple.com/station/idra.904714679,TRUE,
track,song,3249567,904714676,904714680,A. R. Rahman,The Hundred-Foot Journey (Original Motion Picture Soundtrack),Vintage Recipe,The Hundred-Foot Journey (Original Motion Picture Soundtrack),Vintage Recipe,,,https://itunes.apple.com/us/artist/a.-r.-rahman/id3249567?uo=4,https://itunes.apple.com/us/album/vintage-recipe/id904714676?i=904714680&uo=4,https://itunes.apple.com/us/album/vintage-recipe/id904714676?i=904714680&uo=4,http://a1578.phobos.apple.com/us/r1000/160/Music5/v4/11/b8/59/11b8594d-c49d-f727-29eb-324776f36a8b/mzaf_4282163915685160240.plus.aac.p.m4a,http://is2.mzstatic.com/image/thumb/Music5/v4/25/69/7e/25697e15-705e-f631-e0da-381f0ddb693d/source/30x30bb.jpg,http://is2.mzstatic.com/image/thumb/Music5/v4/25/69/7e/25697e15-705e-f631-e0da-381f0ddb693d/source/60x60bb.jpg,http://is2.mzstatic.com/image/thumb/Music5/v4/25/69/7e/25697e15-705e-f631-e0da-381f0ddb693d/source/100x100bb.jpg,9.99,1.29,2014-08-12T07:00:00Z,notExplicit,notExplicit,1,1,16,4,126107,USA,USD,Soundtrack,https://itunes.apple.com/station/idra.904714680,TRUE,
track,song,3249567,816171281,816171284,A. R. Rahman,Highway (Original Motion Picture Soundtrack),Maahi Ve,Highway (Original Motion Picture Soundtrack),Maahi Ve,,,https://itunes.apple.com/us/artist/a.-r.-rahman/id3249567?uo=4,https://itunes.apple.com/us/album/maahi-ve/id816171281?i=816171284&uo=4,https://itunes.apple.com/us/album/maahi-ve/id816171281?i=816171284&uo=4,http://a1754.phobos.apple.com/us/r30/Music/v4/65/86/a6/6586a633-2124-9928-28d5-4926e652f85e/mzaf_588667745217455071.plus.aac.p.m4a,http://is3.mzstatic.com/image/thumb/Music6/v4/19/c1/05/19c10566-a681-6899-e316-768364c40d20/source/30x30bb.jpg,http://is3.mzstatic.com/image/thumb/Music6/v4/19/c1/05/19c10566-a681-6899-e316-768364c40d20/source/60x60bb.jpg,http://is3.mzstatic.com/image/thumb/Music6/v4/19/c1/05/19c10566-a681-6899-e316-768364c40d20/source/100x100bb.jpg,9.99,1.29,2014-01-25T08:00:00Z,notExplicit,notExplicit,1,1,9,2,240625,USA,USD,Bollywood,https://itunes.apple.com/station/idra.816171284,FALSE,
track,song,3249567,904714676,904714685,A. R. Rahman,The Hundred-Foot Journey (Original Motion Picture Soundtrack),You Complete Me,The Hundred-Foot Journey (Original Motion Picture Soundtrack),You Complete Me,,,https://itunes.apple.com/us/artist/a.-r.-rahman/id3249567?uo=4,https://itunes.apple.com/us/album/you-complete-me/id904714676?i=904714685&uo=4,https://itunes.apple.com/us/album/you-complete-me/id904714676?i=904714685&uo=4,http://a1523.phobos.apple.com/us/r1000/051/Music4/v4/4a/c9/5b/4ac95b8b-dc11-d7ed-9a72-a516e547baec/mzaf_1428686978479357792.plus.aac.p.m4a,http://is2.mzstatic.com/image/thumb/Music5/v4/25/69/7e/25697e15-705e-f631-e0da-381f0ddb693d/source/30x30bb.jpg,http://is2.mzstatic.com/image/thumb/Music5/v4/25/69/7e/25697e15-705e-f631-e0da-381f0ddb693d/source/60x60bb.jpg,http://is2.mzstatic.com/image/thumb/Music5/v4/25/69/7e/25697e15-705e-f631-e0da-381f0ddb693d/source/100x100bb.jpg,9.99,1.29,2014-08-12T07:00:00Z,notExplicit,notExplicit,1,1,16,9,279213,USA,USD,Soundtrack,https://itunes.apple.com/station/idra.904714685,TRUE,
track,song,3249567,904714676,904714690,A. R. Rahman,The Hundred-Foot Journey (Original Motion Picture Soundtrack),End Credits Suite,The Hundred-Foot Journey (Original Motion Picture Soundtrack),End Credits Suite,,,https://itunes.apple.com/us/artist/a.-r.-rahman/id3249567?uo=4,https://itunes.apple.com/us/album/end-credits-suite/id904714676?i=904714690&uo=4,https://itunes.apple.com/us/album/end-credits-suite/id904714676?i=904714690&uo=4,http://a1156.phobos.apple.com/us/r1000/160/Music3/v4/cb/f7/44/cbf744b9-e1d5-c1f3-a080-e276c1220111/mzaf_4971073944896918411.plus.aac.p.m4a,http://is2.mzstatic.com/image/thumb/Music5/v4/25/69/7e/25697e15-705e-f631-e0da-381f0ddb693d/source/30x30bb.jpg,http://is2.mzstatic.com/image/thumb/Music5/v4/25/69/7e/25697e15-705e-f631-e0da-381f0ddb693d/source/60x60bb.jpg,http://is2.mzstatic.com/image/thumb/Music5/v4/25/69/7e/25697e15-705e-f631-e0da-381f0ddb693d/source/100x100bb.jpg,9.99,1.29,2014-08-12T07:00:00Z,notExplicit,notExplicit,1,1,16,13,156787,USA,USD,Soundtrack,https://itunes.apple.com/station/idra.904714690,TRUE,
track,song,3249567,904714676,904714678,A. R. Rahman,The Hundred-Foot Journey (Original Motion Picture Soundtrack),The Village of Saint Antonin,The Hundred-Foot Journey (Original Motion Picture Soundtrack),The Village of Saint Antonin,,,https://itunes.apple.com/us/artist/a.-r.-rahman/id3249567?uo=4,https://itunes.apple.com/us/album/the-village-of-saint-antonin/id904714676?i=904714678&uo=4,https://itunes.apple.com/us/album/the-village-of-saint-antonin/id904714676?i=904714678&uo=4,http://a1355.phobos.apple.com/us/r1000/139/Music3/v4/fb/e9/cb/fbe9cbdf-52b3-ec43-e0e9-523ae86a93b8/mzaf_2494773030545538401.plus.aac.p.m4a,http://is2.mzstatic.com/image/thumb/Music5/v4/25/69/7e/25697e15-705e-f631-e0da-381f0ddb693d/source/30x30bb.jpg,http://is2.mzstatic.com/image/thumb/Music5/v4/25/69/7e/25697e15-705e-f631-e0da-381f0ddb693d/source/60x60bb.jpg,http://is2.mzstatic.com/image/thumb/Music5/v4/25/69/7e/25697e15-705e-f631-e0da-381f0ddb693d/source/100x100bb.jpg,9.99,1.29,2014-08-12T07:00:00Z,notExplicit,notExplicit,1,1,16,2,242760,USA,USD,Soundtrack,https://itunes.apple.com/station/idra.904714678,TRUE,
track,song,3249567,904714676,904714694,A. R. Rahman,The Hundred-Foot Journey (Original Motion Picture Soundtrack),A La Hassan de Paris,The Hundred-Foot Journey (Original Motion Picture Soundtrack),A La Hassan de Paris,,,https://itunes.apple.com/us/artist/a.-r.-rahman/id3249567?uo=4,https://itunes.apple.com/us/album/a-la-hassan-de-paris/id904714676?i=904714694&uo=4,https://itunes.apple.com/us/album/a-la-hassan-de-paris/id904714676?i=904714694&uo=4,http://a911.phobos.apple.com/us/r1000/125/Music3/v4/7d/09/c5/7d09c562-8ca6-b3b4-f050-e3441da4dc01/mzaf_1042012805370228126.plus.aac.p.m4a,http://is2.mzstatic.com/image/thumb/Music5/v4/25/69/7e/25697e15-705e-f631-e0da-381f0ddb693d/source/30x30bb.jpg,http://is2.mzstatic.com/image/thumb/Music5/v4/25/69/7e/25697e15-705e-f631-e0da-381f0ddb693d/source/60x60bb.jpg,http://is2.mzstatic.com/image/thumb/Music5/v4/25/69/7e/25697e15-705e-f631-e0da-381f0ddb693d/source/100x100bb.jpg,9.99,1.29,2014-08-12T07:00:00Z,notExplicit,notExplicit,1,1,16,15,245693,USA,USD,Soundtrack,https://itunes.apple.com/station/idra.904714694,TRUE,
track,song,3249567,904714676,904714688,A. R. Rahman,The Hundred-Foot Journey (Original Motion Picture Soundtrack),India Calling,The Hundred-Foot Journey (Original Motion Picture Soundtrack),India Calling,,,https://itunes.apple.com/us/artist/a.-r.-rahman/id3249567?uo=4,https://itunes.apple.com/us/album/india-calling/id904714676?i=904714688&uo=4,https://itunes.apple.com/us/album/india-calling/id904714676?i=904714688&uo=4,http://a792.phobos.apple.com/us/r1000/166/Music4/v4/8c/6f/ba/8c6fba08-22db-a235-d657-c21063475d4b/mzaf_274974977803987561.plus.aac.p.m4a,http://is2.mzstatic.com/image/thumb/Music5/v4/25/69/7e/25697e15-705e-f631-e0da-381f0ddb693d/source/30x30bb.jpg,http://is2.mzstatic.com/image/thumb/Music5/v4/25/69/7e/25697e15-705e-f631-e0da-381f0ddb693d/source/60x60bb.jpg,http://is2.mzstatic.com/image/thumb/Music5/v4/25/69/7e/25697e15-705e-f631-e0da-381f0ddb693d/source/100x100bb.jpg,9.99,1.29,2014-08-12T07:00:00Z,notExplicit,notExplicit,1,1,16,11,274587,USA,USD,Soundtrack,https://itunes.apple.com/station/idra.904714688,TRUE,
track,song,3249567,904714676,904714687,A. R. Rahman,The Hundred-Foot Journey (Original Motion Picture Soundtrack),Alone in Paris,The Hundred-Foot Journey (Original Motion Picture Soundtrack),Alone in Paris,,,https://itunes.apple.com/us/artist/a.-r.-rahman/id3249567?uo=4,https://itunes.apple.com/us/album/alone-in-paris/id904714676?i=904714687&uo=4,https://itunes.apple.com/us/album/alone-in-paris/id904714676?i=904714687&uo=4,http://a440.phobos.apple.com/us/r1000/140/Music5/v4/29/77/01/297701b2-886e-b0dc-dd72-6b428f7f0e4d/mzaf_9080081314193897147.plus.aac.p.m4a,http://is2.mzstatic.com/image/thumb/Music5/v4/25/69/7e/25697e15-705e-f631-e0da-381f0ddb693d/source/30x30bb.jpg,http://is2.mzstatic.com/image/thumb/Music5/v4/25/69/7e/25697e15-705e-f631-e0da-381f0ddb693d/source/60x60bb.jpg,http://is2.mzstatic.com/image/thumb/Music5/v4/25/69/7e/25697e15-705e-f631-e0da-381f0ddb693d/source/100x100bb.jpg,9.99,1.29,2014-08-12T07:00:00Z,notExplicit,notExplicit,1,1,16,10,191600,USA,USD,Soundtrack,https://itunes.apple.com/station/idra.904714687,TRUE,
track,song,3249567,871289755,871289870,A. R. Rahman,Million Dollar Arm (Original Motion Picture Soundtrack),Keep the Hustle (feat. Wale),Million Dollar Arm (Original Motion Picture Soundtrack),Keep the Hustle (feat. Wale),,,https://itunes.apple.com/us/artist/a.-r.-rahman/id3249567?uo=4,https://itunes.apple.com/us/album/keep-the-hustle-feat.-wale/id871289755?i=871289870&uo=4,https://itunes.apple.com/us/album/keep-the-hustle-feat.-wale/id871289755?i=871289870&uo=4,http://a346.phobos.apple.com/us/r1000/047/Music4/v4/ac/f6/7c/acf67cc8-3d0a-07db-d232-0585e0e5777a/mzaf_9176337949890797537.plus.aac.p.m4a,http://is2.mzstatic.com/image/thumb/Music6/v4/7e/f4/ef/7ef4ef60-ce8f-cf23-49d0-93bf96dedf0d/source/30x30bb.jpg,http://is2.mzstatic.com/image/thumb/Music6/v4/7e/f4/ef/7ef4ef60-ce8f-cf23-49d0-93bf96dedf0d/source/60x60bb.jpg,http://is2.mzstatic.com/image/thumb/Music6/v4/7e/f4/ef/7ef4ef60-ce8f-cf23-49d0-93bf96dedf0d/source/100x100bb.jpg,5.99,1.29,2014-05-13T07:00:00Z,notExplicit,notExplicit,1,1,16,6,189493,USA,USD,Soundtrack,https://itunes.apple.com/station/idra.871289870,TRUE,
track,song,3249567,904714676,904714682,A. R. Rahman,The Hundred-Foot Journey (Original Motion Picture Soundtrack),The Clash,The Hundred-Foot Journey (Original Motion Picture Soundtrack),The Clash,,,https://itunes.apple.com/us/artist/a.-r.-rahman/id3249567?uo=4,https://itunes.apple.com/us/album/the-clash/id904714676?i=904714682&uo=4,https://itunes.apple.com/us/album/the-clash/id904714676?i=904714682&uo=4,http://a1835.phobos.apple.com/us/r1000/051/Music4/v4/c8/94/0a/c8940a90-83c8-fbf4-2715-da12eec1763b/mzaf_4650876388254871272.plus.aac.p.m4a,http://is2.mzstatic.com/image/thumb/Music5/v4/25/69/7e/25697e15-705e-f631-e0da-381f0ddb693d/source/30x30bb.jpg,http://is2.mzstatic.com/image/thumb/Music5/v4/25/69/7e/25697e15-705e-f631-e0da-381f0ddb693d/source/60x60bb.jpg,http://is2.mzstatic.com/image/thumb/Music5/v4/25/69/7e/25697e15-705e-f631-e0da-381f0ddb693d/source/100x100bb.jpg,9.99,1.29,2014-08-12T07:00:00Z,notExplicit,notExplicit,1,1,16,6,103973,USA,USD,Soundtrack,https://itunes.apple.com/station/idra.904714682,TRUE,
track,song,3249567,904714676,904714683,A. R. Rahman,The Hundred-Foot Journey (Original Motion Picture Soundtrack),"Destiny, Fire, War",The Hundred-Foot Journey (Original Motion Picture Soundtrack),"Destiny, Fire, War",,,https://itunes.apple.com/us/artist/a.-r.-rahman/id3249567?uo=4,https://itunes.apple.com/us/album/destiny-fire-war/id904714676?i=904714683&uo=4,https://itunes.apple.com/us/album/destiny-fire-war/id904714676?i=904714683&uo=4,http://a748.phobos.apple.com/us/r1000/028/Music4/v4/7e/aa/23/7eaa2382-3142-53f9-0a49-9b38d9d3106b/mzaf_7332742432081318752.plus.aac.p.m4a,http://is2.mzstatic.com/image/thumb/Music5/v4/25/69/7e/25697e15-705e-f631-e0da-381f0ddb693d/source/30x30bb.jpg,http://is2.mzstatic.com/image/thumb/Music5/v4/25/69/7e/25697e15-705e-f631-e0da-381f0ddb693d/source/60x60bb.jpg,http://is2.mzstatic.com/image/thumb/Music5/v4/25/69/7e/25697e15-705e-f631-e0da-381f0ddb693d/source/100x100bb.jpg,9.99,1.29,2014-08-12T07:00:00Z,notExplicit,notExplicit,1,1,16,7,340933,USA,USD,Soundtrack,https://itunes.apple.com/station/idra.904714683,TRUE,
track,song,3249567,510643304,510643442,A. R. Rahman,Ghajini (Original Motion Picture Soundtrack) - EP,Kaise Mujhe (Instrumental),Ghajini (Original Motion Picture Soundtrack) - EP,Kaise Mujhe (Instrumental),,,https://itunes.apple.com/us/artist/a.-r.-rahman/id3249567?uo=4,https://itunes.apple.com/us/album/kaise-mujhe-instrumental/id510643304?i=510643442&uo=4,https://itunes.apple.com/us/album/kaise-mujhe-instrumental/id510643304?i=510643442&uo=4,http://a141.phobos.apple.com/us/r30/Music2/v4/c1/17/02/c11702fb-884d-069a-b6db-a6b92757cd49/mzaf_7967630264515612569.m4a,http://is5.mzstatic.com/image/thumb/Music/v4/8b/7c/50/8b7c5078-00a8-a6c5-6ab7-b49ff9f90b83/source/30x30bb.jpg,http://is5.mzstatic.com/image/thumb/Music/v4/8b/7c/50/8b7c5078-00a8-a6c5-6ab7-b49ff9f90b83/source/60x60bb.jpg,http://is5.mzstatic.com/image/thumb/Music/v4/8b/7c/50/8b7c5078-00a8-a6c5-6ab7-b49ff9f90b83/source/100x100bb.jpg,7.74,1.29,2008-11-23T08:00:00Z,notExplicit,notExplicit,1,1,6,6,241987,USA,USD,Bollywood,https://itunes.apple.com/station/idra.510643442,FALSE,
track,song,3249567,871289755,871289851,A. R. Rahman,Million Dollar Arm (Original Motion Picture Soundtrack),Makhna,Million Dollar Arm (Original Motion Picture Soundtrack),Makhna,,,https://itunes.apple.com/us/artist/a.-r.-rahman/id3249567?uo=4,https://itunes.apple.com/us/album/makhna/id871289755?i=871289851&uo=4,https://itunes.apple.com/us/album/makhna/id871289755?i=871289851&uo=4,http://a1136.phobos.apple.com/us/r1000/045/Music6/v4/ae/6c/ba/ae6cba4d-5e8f-0ff8-89d0-dca06dab2fff/mzaf_4702684925966172223.plus.aac.p.m4a,http://is2.mzstatic.com/image/thumb/Music6/v4/7e/f4/ef/7ef4ef60-ce8f-cf23-49d0-93bf96dedf0d/source/30x30bb.jpg,http://is2.mzstatic.com/image/thumb/Music6/v4/7e/f4/ef/7ef4ef60-ce8f-cf23-49d0-93bf96dedf0d/source/60x60bb.jpg,http://is2.mzstatic.com/image/thumb/Music6/v4/7e/f4/ef/7ef4ef60-ce8f-cf23-49d0-93bf96dedf0d/source/100x100bb.jpg,5.99,1.29,2014-05-13T07:00:00Z,notExplicit,notExplicit,1,1,16,1,200440,USA,USD,Soundtrack,https://itunes.apple.com/station/idra.871289851,TRUE,
track,song,3249567,305751077,305751212,A. R. Rahman,Lagaan (Original Motion Picture Soundtrack),Waltz for a Romance,Lagaan (Original Motion Picture Soundtrack),Waltz for a Romance (In a Major),,,https://itunes.apple.com/us/artist/a.-r.-rahman/id3249567?uo=4,https://itunes.apple.com/us/album/waltz-for-a-romance-in-a-major/id305751077?i=305751212&uo=4,https://itunes.apple.com/us/album/waltz-for-a-romance-in-a-major/id305751077?i=305751212&uo=4,http://a857.phobos.apple.com/us/r1000/003/Music/b3/b0/53/mzm.qtshamys.aac.p.m4a,http://is3.mzstatic.com/image/thumb/Music/v4/ee/02/3c/ee023c59-4321-a996-e942-fe9b831d94c3/source/30x30bb.jpg,http://is3.mzstatic.com/image/thumb/Music/v4/ee/02/3c/ee023c59-4321-a996-e942-fe9b831d94c3/source/60x60bb.jpg,http://is3.mzstatic.com/image/thumb/Music/v4/ee/02/3c/ee023c59-4321-a996-e942-fe9b831d94c3/source/100x100bb.jpg,7.92,0.99,2001-03-29T08:00:00Z,notExplicit,notExplicit,1,1,8,6,149747,USA,USD,Bollywood,https://itunes.apple.com/station/idra.305751212,TRUE,
track,song,3249567,904714676,904714684,A. R. Rahman,The Hundred-Foot Journey (Original Motion Picture Soundtrack),The Gift,The Hundred-Foot Journey (Original Motion Picture Soundtrack),The Gift,,,https://itunes.apple.com/us/artist/a.-r.-rahman/id3249567?uo=4,https://itunes.apple.com/us/album/the-gift/id904714676?i=904714684&uo=4,https://itunes.apple.com/us/album/the-gift/id904714676?i=904714684&uo=4,http://a1962.phobos.apple.com/us/r1000/000/Music3/v4/2a/51/a9/2a51a984-a690-07fa-7918-4b8e468d378f/mzaf_6883718179306198512.plus.aac.p.m4a,http://is2.mzstatic.com/image/thumb/Music5/v4/25/69/7e/25697e15-705e-f631-e0da-381f0ddb693d/source/30x30bb.jpg,http://is2.mzstatic.com/image/thumb/Music5/v4/25/69/7e/25697e15-705e-f631-e0da-381f0ddb693d/source/60x60bb.jpg,http://is2.mzstatic.com/image/thumb/Music5/v4/25/69/7e/25697e15-705e-f631-e0da-381f0ddb693d/source/100x100bb.jpg,9.99,1.29,2014-08-12T07:00:00Z,notExplicit,notExplicit,1,1,16,8,187960,USA,USD,Soundtrack,https://itunes.apple.com/station/idra.904714684,TRUE,
track,song,3249567,904714676,904714681,A. R. Rahman,The Hundred-Foot Journey (Original Motion Picture Soundtrack),Mr. Kadam,The Hundred-Foot Journey (Original Motion Picture Soundtrack),Mr. Kadam,,,https://itunes.apple.com/us/artist/a.-r.-rahman/id3249567?uo=4,https://itunes.apple.com/us/album/mr.-kadam/id904714676?i=904714681&uo=4,https://itunes.apple.com/us/album/mr.-kadam/id904714676?i=904714681&uo=4,http://a729.phobos.apple.com/us/r1000/179/Music4/v4/dc/5d/a6/dc5da690-0717-4a02-0182-248fbad21c74/mzaf_6479513426012734785.plus.aac.p.m4a,http://is2.mzstatic.com/image/thumb/Music5/v4/25/69/7e/25697e15-705e-f631-e0da-381f0ddb693d/source/30x30bb.jpg,http://is2.mzstatic.com/image/thumb/Music5/v4/25/69/7e/25697e15-705e-f631-e0da-381f0ddb693d/source/60x60bb.jpg,http://is2.mzstatic.com/image/thumb/Music5/v4/25/69/7e/25697e15-705e-f631-e0da-381f0ddb693d/source/100x100bb.jpg,9.99,1.29,2014-08-12T07:00:00Z,notExplicit,notExplicit,1,1,16,5,115827,USA,USD,Soundtrack,https://itunes.apple.com/station/idra.904714681,TRUE,
track,song,3249567,305751077,305751208,A. R. Rahman & Srinivas,Lagaan (Original Motion Picture Soundtrack),Chale Chalo,Lagaan (Original Motion Picture Soundtrack),Chale Chalo,,A. R. Rahman,https://itunes.apple.com/us/artist/a.-r.-rahman/id3249567?uo=4,https://itunes.apple.com/us/album/chale-chalo/id305751077?i=305751208&uo=4,https://itunes.apple.com/us/album/chale-chalo/id305751077?i=305751208&uo=4,http://a967.phobos.apple.com/us/r1000/058/Music/e3/ca/54/mzm.bxltidef.aac.p.m4a,http://is3.mzstatic.com/image/thumb/Music/v4/ee/02/3c/ee023c59-4321-a996-e942-fe9b831d94c3/source/30x30bb.jpg,http://is3.mzstatic.com/image/thumb/Music/v4/ee/02/3c/ee023c59-4321-a996-e942-fe9b831d94c3/source/60x60bb.jpg,http://is3.mzstatic.com/image/thumb/Music/v4/ee/02/3c/ee023c59-4321-a996-e942-fe9b831d94c3/source/100x100bb.jpg,7.92,0.99,2001-03-29T08:00:00Z,notExplicit,notExplicit,1,1,8,5,400440,USA,USD,Bollywood,https://itunes.apple.com/station/idra.305751208,TRUE,
track,song,3249567,871289755,871289873,A. R. Rahman,Million Dollar Arm (Original Motion Picture Soundtrack),Never Give Up,Million Dollar Arm (Original Motion Picture Soundtrack),Never Give Up,,,https://itunes.apple.com/us/artist/a.-r.-rahman/id3249567?uo=4,https://itunes.apple.com/us/album/never-give-up/id871289755?i=871289873&uo=4,https://itunes.apple.com/us/album/never-give-up/id871289755?i=871289873&uo=4,http://a1779.phobos.apple.com/us/r1000/059/Music6/v4/58/95/a2/5895a22b-39ed-9f7b-d447-a5de41dc3982/mzaf_5663017640566490376.plus.aac.p.m4a,http://is2.mzstatic.com/image/thumb/Music6/v4/7e/f4/ef/7ef4ef60-ce8f-cf23-49d0-93bf96dedf0d/source/30x30bb.jpg,http://is2.mzstatic.com/image/thumb/Music6/v4/7e/f4/ef/7ef4ef60-ce8f-cf23-49d0-93bf96dedf0d/source/60x60bb.jpg,http://is2.mzstatic.com/image/thumb/Music6/v4/7e/f4/ef/7ef4ef60-ce8f-cf23-49d0-93bf96dedf0d/source/100x100bb.jpg,5.99,1.29,2014-05-13T07:00:00Z,notExplicit,notExplicit,1,1,16,9,141000,USA,USD,Soundtrack,https://itunes.apple.com/station/idra.871289873,TRUE,
track,song,3249567,514439853,514439993,A. R. Rahman,Swades (Original Motion Picture Soundtrack),Yeh Jo Des Hai Tera,Swades (Original Motion Picture Soundtrack),Yeh Jo Des Hai Tera,,,https://itunes.apple.com/us/artist/a.-r.-rahman/id3249567?uo=4,https://itunes.apple.com/us/album/yeh-jo-des-hai-tera/id514439853?i=514439993&uo=4,https://itunes.apple.com/us/album/yeh-jo-des-hai-tera/id514439853?i=514439993&uo=4,http://a260.phobos.apple.com/us/r30/Music2/v4/fa/58/69/fa586911-8b21-cb6c-f34a-68b6da2ca7a3/mzaf_1063502324512518120.m4a,http://is1.mzstatic.com/image/thumb/Music/v4/07/93/22/07932256-691d-ad84-f6ae-c0bfd4295517/source/30x30bb.jpg,http://is1.mzstatic.com/image/thumb/Music/v4/07/93/22/07932256-691d-ad84-f6ae-c0bfd4295517/source/60x60bb.jpg,http://is1.mzstatic.com/image/thumb/Music/v4/07/93/22/07932256-691d-ad84-f6ae-c0bfd4295517/source/100x100bb.jpg,9.99,1.29,2004-06-26T07:00:00Z,notExplicit,notExplicit,1,1,9,5,387787,USA,USD,Bollywood,https://itunes.apple.com/station/idra.514439993,FALSE,
track,song,3249567,871289755,871289869,A. R. Rahman,Million Dollar Arm (Original Motion Picture Soundtrack),Taa Taa Tai,Million Dollar Arm (Original Motion Picture Soundtrack),Taa Taa Tai,,,https://itunes.apple.com/us/artist/a.-r.-rahman/id3249567?uo=4,https://itunes.apple.com/us/album/taa-taa-tai/id871289755?i=871289869&uo=4,https://itunes.apple.com/us/album/taa-taa-tai/id871289755?i=871289869&uo=4,http://a914.phobos.apple.com/us/r1000/017/Music4/v4/2c/d0/40/2cd040ad-dda7-a878-0a70-2dedaa1bf379/mzaf_8437395056143122951.plus.aac.p.m4a,http://is2.mzstatic.com/image/thumb/Music6/v4/7e/f4/ef/7ef4ef60-ce8f-cf23-49d0-93bf96dedf0d/source/30x30bb.jpg,http://is2.mzstatic.com/image/thumb/Music6/v4/7e/f4/ef/7ef4ef60-ce8f-cf23-49d0-93bf96dedf0d/source/60x60bb.jpg,http://is2.mzstatic.com/image/thumb/Music6/v4/7e/f4/ef/7ef4ef60-ce8f-cf23-49d0-93bf96dedf0d/source/100x100bb.jpg,5.99,1.29,2014-05-13T07:00:00Z,notExplicit,notExplicit,1,1,16,5,205267,USA,USD,Soundtrack,https://itunes.apple.com/station/idra.871289869,TRUE,
track,song,3249567,871289755,871294942,A. R. Rahman,Million Dollar Arm (Original Motion Picture Soundtrack),The Final Pitch,Million Dollar Arm (Original Motion Picture Soundtrack),The Final Pitch,,,https://itunes.apple.com/us/artist/a.-r.-rahman/id3249567?uo=4,https://itunes.apple.com/us/album/the-final-pitch/id871289755?i=871294942&uo=4,https://itunes.apple.com/us/album/the-final-pitch/id871289755?i=871294942&uo=4,http://a1735.phobos.apple.com/us/r1000/053/Music/v4/b1/89/b3/b189b3e6-1d57-8ed2-b27e-150a57405777/mzaf_8782372357457320897.plus.aac.p.m4a,http://is2.mzstatic.com/image/thumb/Music6/v4/7e/f4/ef/7ef4ef60-ce8f-cf23-49d0-93bf96dedf0d/source/30x30bb.jpg,http://is2.mzstatic.com/image/thumb/Music6/v4/7e/f4/ef/7ef4ef60-ce8f-cf23-49d0-93bf96dedf0d/source/60x60bb.jpg,http://is2.mzstatic.com/image/thumb/Music6/v4/7e/f4/ef/7ef4ef60-ce8f-cf23-49d0-93bf96dedf0d/source/100x100bb.jpg,5.99,1.29,2014-05-13T07:00:00Z,notExplicit,notExplicit,1,1,16,16,303707,USA,USD,Soundtrack,https://itunes.apple.com/station/idra.871294942,TRUE,
track,song,3249567,510746515,510746658,A. R. Rahman,Jaane Tu Ya Jaane Na (Original Motion Picture Soundtrack),Tu Bole Main Boloon,Jaane Tu Ya Jaane Na (Original Motion Picture Soundtrack),Tu Bole Main Boloon,,,https://itunes.apple.com/us/artist/a.-r.-rahman/id3249567?uo=4,https://itunes.apple.com/us/album/tu-bole-main-boloon/id510746515?i=510746658&uo=4,https://itunes.apple.com/us/album/tu-bole-main-boloon/id510746515?i=510746658&uo=4,http://a310.phobos.apple.com/us/r30/Music2/v4/fb/49/08/fb4908fc-00ec-77a2-9e32-9bbd507f1ce1/mzaf_957280005886209115.m4a,http://is2.mzstatic.com/image/thumb/Music/v4/60/f8/11/60f8115b-7830-7991-076d-cdb0eb03addd/source/30x30bb.jpg,http://is2.mzstatic.com/image/thumb/Music/v4/60/f8/11/60f8115b-7830-7991-076d-cdb0eb03addd/source/60x60bb.jpg,http://is2.mzstatic.com/image/thumb/Music/v4/60/f8/11/60f8115b-7830-7991-076d-cdb0eb03addd/source/100x100bb.jpg,9.99,1.29,2008-05-15T07:00:00Z,notExplicit,notExplicit,1,1,8,5,275693,USA,USD,Bollywood,https://itunes.apple.com/station/idra.510746658,FALSE,